IP,Location
198.235.24.82,美国
172.232.37.65,美国
35.203.210.124,英国
198.235.24.225,美国
34.140.248.32,比利时
51.89.111.7,德国
205.210.31.96,美国
205.210.31.35,美国
172.233.57.47,美国
35.233.62.116,比利时
35.203.210.194,英国
91.92.241.63,保加利亚
198.235.24.120,美国
35.203.211.148,英国
95.214.53.103,波兰
162.216.149.176,美国
220.196.160.76,上海市
205.210.31.246,美国
34.78.249.41,比利时
35.203.211.70,英国
180.101.245.252,江苏省
179.43.134.18,瑞士
35.195.93.98,比利时
35.203.211.13,英国
198.235.24.133,美国
162.216.149.218,美国
163.172.4.129,法国
220.196.160.154,上海市
220.196.160.84,上海市
198.235.24.245,美国
172.104.131.56,德国
34.79.162.186,比利时
198.235.24.166,美国
162.216.149.109,美国
220.196.160.75,上海市
220.196.160.101,上海市
35.187.98.121,比利时
220.196.160.101,上海市
130.211.54.158,比利时
205.210.31.161,巴西
162.216.149.23,美国
176.97.206.68,美国
42.194.233.78,广东省
223.104.68.151,广东省
223.104.68.151,广东省
223.104.68.151,广东省
223.104.68.151,广东省
